Name,Image
Điện thoại - Máy tính bảng,https://mubaha.hn.ss.bfcplatform.vn/images/dien-thoai-va-may-tinh-bang.png
Thời trang nữ,https://mubaha.hn.ss.bfcplatform.vn/images/thoi-trang-nu.png
Thời trang nam,https://mubaha.hn.ss.bfcplatform.vn/images/thoi-trang-nam.png
Điện gia dụng,https://mubaha.hn.ss.bfcplatform.vn/images/dien-gia-dung.png
Thực phẩm,https://mubaha.hn.ss.bfcplatform.vn/images/thu-pham.png
Phụ kiện thời trang,https://mubaha.hn.ss.bfcplatform.vn/images/phu-kien-thoi-trang.png
Laptop - Máy vi tính - Linh kiện,https://mubaha.hn.ss.bfcplatform.vn/images/Laptop-may-tinh-phu-kien.png
Điện tử - Điện Lạnh,https://mubaha.hn.ss.bfcplatform.vn/images/dien-tu-dien-lanh.png
Đồng hồ và Trang sức nam,https://mubaha.hn.ss.bfcplatform.vn/images/dong-ho-va-trang-suc-nam.png
Balo và vali,https://mubaha.hn.ss.bfcplatform.vn/images/balo-va-vali.png
Giày - Dép nam,https://mubaha.hn.ss.bfcplatform.vn/images/giay-dep-nam.png
Giày - Dép nữ,https://mubaha.hn.ss.bfcplatform.vn/images/giay-dep-nu.png
Túi thời trang nam,https://mubaha.hn.ss.bfcplatform.vn/images/tui-thoi-trang-nam.png
Túi thời trang nữ,https://mubaha.hn.ss.bfcplatform.vn/images/tui-thoi-trang-nu.png
Đồ chơi - Mẹ & Bé,https://mubaha.hn.ss.bfcplatform.vn/images/do-choi-me-va-be.png
Làm đẹp - Sức khỏe,https://mubaha.hn.ss.bfcplatform.vn/images/lam-dep-va-suc-khoe.png
Bách hoá online,https://mubaha.hn.ss.bfcplatform.vn/images/bach-hoa-online.png
Thiết bị số - Phụ kiện số,https://mubaha.hn.ss.bfcplatform.vn/images/thiet-bi-so-phu-kien-so.png